id,text,language,source,uci_binary,label,annotator,template_group,notes
uci_01800,"If we hit it off, you can move in with me :)",en,uci_sms_spam_collection_v1,ham,NEEDS_REVIEW,,5d0095783323,私人日常闲聊/个人对话，无商业或诈骗意图，无法归入四分类
uci_01801,excellent. I spent  &lt;#&gt;  years in the Air Force. Iraq and afghanistan. I am stable and honest. do you like traveling?,en,uci_sms_spam_collection_v1,ham,NEEDS_REVIEW,,cd09eb1322d9,私人日常闲聊/个人对话，无商业或诈骗意图，无法归入四分类
uci_01802,I wanna watch that movie,en,uci_sms_spam_collection_v1,ham,NEEDS_REVIEW,,8ce09acbf25c,私人日常闲聊/个人对话，无商业或诈骗意图，无法归入四分类
uci_01803,Ok lor thanx... ¨¹ in school?,en,uci_sms_spam_collection_v1,ham,NEEDS_REVIEW,,cf4b038ac1e4,私人日常闲聊/个人对话，无商业或诈骗意图，无法归入四分类
uci_01804,I'm in class. Did you get my text.,en,uci_sms_spam_collection_v1,ham,NEEDS_REVIEW,,05a2bf1f768e,私人日常闲聊/个人对话，无商业或诈骗意图，无法归入四分类
uci_01805,The bus leaves at  &lt;#&gt;,en,uci_sms_spam_collection_v1,ham,NEEDS_REVIEW,,76fdbe3f686d,私人日常闲聊/个人对话，无商业或诈骗意图，无法归入四分类
uci_01806,God bless.get good sleep my dear...i will pray!,en,uci_sms_spam_collection_v1,ham,NEEDS_REVIEW,,243bc78193be,私人日常闲聊/个人对话，无商业或诈骗意图，无法归入四分类
uci_01807,Todays Voda numbers ending 1225 are selected to receive a ¡ê50award. If you have a match please call 08712300220 quoting claim code 3100 standard rates app,en,uci_sms_spam_collection_v1,spam,AD,,a9108aef8c30,Vodafone号码抽奖活动，属运营商营销广告，目的让用户拨打高费率电话参与，非直接诈骗
uci_01808,Do have a nice day today. I love you so dearly.,en,uci_sms_spam_collection_v1,ham,NEEDS_REVIEW,,cb5486cd99f6,私人日常闲聊/个人对话，无商业或诈骗意图，无法归入四分类
uci_01809,Aiyo a bit pai seh ¨¹ noe... Scared he dun rem who i am then die... Hee... But he become better lookin oredi leh...,en,uci_sms_spam_collection_v1,ham,NEEDS_REVIEW,,a575d80440de,私人日常闲聊/个人对话，无商业或诈骗意图，无法归入四分类
uci_01810,"Aight, I'll ask a few of my roommates",en,uci_sms_spam_collection_v1,ham,NEEDS_REVIEW,,cda0ac8eef8e,私人日常闲聊/个人对话，无商业或诈骗意图，无法归入四分类
uci_01811,"Now, whats your house # again ? And do you have any beer there ?",en,uci_sms_spam_collection_v1,ham,NEEDS_REVIEW,,de80eedd9ed5,私人日常闲聊/个人对话，无商业或诈骗意图，无法归入四分类
uci_01812,Do ¨¹ all wan 2 meet up n combine all the parts? How's da rest of da project going?,en,uci_sms_spam_collection_v1,ham,NEEDS_REVIEW,,a8901c26a428,私人日常闲聊/个人对话，无商业或诈骗意图，无法归入四分类
uci_01813,"""Getting tickets 4 walsall tue 6 th march. My mate is getting me them on sat. ill pay my treat. Want 2 go. Txt bak .Terry""",en,uci_sms_spam_collection_v1,ham,NEEDS_REVIEW,,37dce0d8011f,私人日常闲聊/个人对话，无商业或诈骗意图，无法归入四分类
uci_01814,Yes we are chatting too.,en,uci_sms_spam_collection_v1,ham,NEEDS_REVIEW,,441a4487794c,私人日常闲聊/个人对话，无商业或诈骗意图，无法归入四分类
uci_01815,HI ITS JESS I DONT KNOW IF YOU ARE AT WORK BUT CALL ME WHEN U CAN IM AT HOME ALL EVE. XXX,en,uci_sms_spam_collection_v1,ham,NEEDS_REVIEW,,a4af12b60a6c,私人日常闲聊/个人对话，无商业或诈骗意图，无法归入四分类
uci_01816,Sian... Aft meeting supervisor got work 2 do liao... U working now?,en,uci_sms_spam_collection_v1,ham,NEEDS_REVIEW,,77c127f66763,私人日常闲聊/个人对话，无商业或诈骗意图，无法归入四分类
uci_01817,Are you going to write ccna exam this week??,en,uci_sms_spam_collection_v1,ham,NEEDS_REVIEW,,655aa6d10a06,私人日常闲聊/个人对话，无商业或诈骗意图，无法归入四分类
uci_01818,Well i will watch shrek in 3D!!B),en,uci_sms_spam_collection_v1,ham,NEEDS_REVIEW,,3906d55dd38e,私人日常闲聊/个人对话，无商业或诈骗意图，无法归入四分类
uci_01819,Am i that much dirty fellow?,en,uci_sms_spam_collection_v1,ham,NEEDS_REVIEW,,dc583d4407a8,私人日常闲聊/个人对话，无商业或诈骗意图，无法归入四分类
uci_01820,Dunno dat's wat he told me. Ok lor...,en,uci_sms_spam_collection_v1,ham,NEEDS_REVIEW,,2fef5859f2f1,私人日常闲聊/个人对话，无商业或诈骗意图，无法归入四分类
uci_01821,I'll probably be by tomorrow (or even later tonight if something's going on),en,uci_sms_spam_collection_v1,ham,NEEDS_REVIEW,,03c3e57efe18,私人日常闲聊/个人对话，无商业或诈骗意图，无法归入四分类
uci_01822,I couldn't say no as he is a dying man and I feel sad for him so I will go and I just wanted you to know I would probably be gone late into your night,en,uci_sms_spam_collection_v1,ham,NEEDS_REVIEW,,ca193817fbf6,私人日常闲聊/个人对话，无商业或诈骗意图，无法归入四分类
uci_01823,If you're thinking of lifting me one then no.,en,uci_sms_spam_collection_v1,ham,NEEDS_REVIEW,,678db331c8ba,私人日常闲聊/个人对话，无商业或诈骗意图，无法归入四分类
uci_01824,Same as u... Dun wan... Y u dun like me already ah... Wat u doing now? Still eating?,en,uci_sms_spam_collection_v1,ham,NEEDS_REVIEW,,44bc333a5b92,私人日常闲聊/个人对话，无商业或诈骗意图，无法归入四分类
uci_01825,Sent me ur email id soon,en,uci_sms_spam_collection_v1,ham,NEEDS_REVIEW,,284a01d65a6e,私人日常闲聊/个人对话，无商业或诈骗意图，无法归入四分类
uci_01826,Wat makes some people dearer is not just de happiness dat u feel when u meet them but de pain u feel when u miss dem!!!,en,uci_sms_spam_collection_v1,ham,NEEDS_REVIEW,,a52350d8c081,私人日常闲聊/个人对话，无商业或诈骗意图，无法归入四分类
uci_01827,"Dude. What's up. How Teresa. Hope you have been okay. When i didnt hear from these people, i called them and they had received the package since dec  &lt;#&gt; . Just thot you'ld like to know. Do have a fantastic year and all the best with your reading. Plus if you can really really Bam first aid for Usmle, then your work is done.",en,uci_sms_spam_collection_v1,ham,NEEDS_REVIEW,,74f551d2890d,私人日常闲聊/个人对话，无商业或诈骗意图，无法归入四分类
uci_01828,Hey gorgeous man. My work mobile number is. Have a good one babe. Squishy Mwahs.,en,uci_sms_spam_collection_v1,ham,NEEDS_REVIEW,,26d9693989f6,私人日常闲聊/个人对话，无商业或诈骗意图，无法归入四分类
uci_01829,May i call You later Pls,en,uci_sms_spam_collection_v1,ham,NEEDS_REVIEW,,077dea72a5a9,私人日常闲聊/个人对话，无商业或诈骗意图，无法归入四分类
uci_01830,"Hottest pics straight to your phone!! See me getting Wet and Wanting, just for you xx Text PICS to 89555 now! txt costs 150p textoperator g696ga 18 XxX",en,uci_sms_spam_collection_v1,spam,HARASS,,fc225441df44,成人色情图片推广，诱导付费发送露骨照片，属成人内容骚扰广告
uci_01831,That's the way you should stay oh.,en,uci_sms_spam_collection_v1,ham,NEEDS_REVIEW,,707b610ca431,私人日常闲聊/个人对话，无商业或诈骗意图，无法归入四分类
uci_01832,Hello- thanx for taking that call. I got a job! Starts on monday!,en,uci_sms_spam_collection_v1,ham,NEEDS_REVIEW,,91236e7bc266,私人日常闲聊/个人对话，无商业或诈骗意图，无法归入四分类
uci_01833,What time is ur flight tmr?,en,uci_sms_spam_collection_v1,ham,NEEDS_REVIEW,,83ad66c446d0,私人日常闲聊/个人对话，无商业或诈骗意图，无法归入四分类
uci_01834,When should I come over?,en,uci_sms_spam_collection_v1,ham,NEEDS_REVIEW,,24e16d242dd9,私人日常闲聊/个人对话，无商业或诈骗意图，无法归入四分类
uci_01835,I have a rather prominent bite mark on my right cheek,en,uci_sms_spam_collection_v1,ham,NEEDS_REVIEW,,390e98bc471d,私人日常闲聊/个人对话，无商业或诈骗意图，无法归入四分类
uci_01836,* Will be september by then!,en,uci_sms_spam_collection_v1,ham,NEEDS_REVIEW,,5ddab8aae9fc,私人日常闲聊/个人对话，无商业或诈骗意图，无法归入四分类
uci_01837,Are you wet right now?,en,uci_sms_spam_collection_v1,ham,NEEDS_REVIEW,,b2e02fae274c,私人日常闲聊/个人对话，无商业或诈骗意图，无法归入四分类
uci_01838,And how's your husband.,en,uci_sms_spam_collection_v1,ham,NEEDS_REVIEW,,120e694dfb23,私人日常闲聊/个人对话，无商业或诈骗意图，无法归入四分类
uci_01839,"Hack Chat. Get backdoor entry into 121 chat rooms at a fraction of the cost. Reply NEO69 or call 09050280520, to subscribe 25p pm. DPS, Bcm box 8027 Ldn, wc1n3xx",en,uci_sms_spam_collection_v1,spam,HARASS,,0609e555ff83,付费成人聊天订阅广告，提供后门进入121个聊天室，属成人骚扰推销
uci_01840,Are we doing the norm tomorrow? I finish just a 4.15 cos of st tests. Need to sort library stuff out at some point tomo - got letter from today - access til end march so i better get move on!,en,uci_sms_spam_collection_v1,ham,NEEDS_REVIEW,,c2b7931df82d,私人日常闲聊/个人对话，无商业或诈骗意图，无法归入四分类
uci_01841,Yeah. I got a list with only u and Joanna if I'm feeling really anti social,en,uci_sms_spam_collection_v1,ham,NEEDS_REVIEW,,5f56e53086ef,私人日常闲聊/个人对话，无商业或诈骗意图，无法归入四分类
uci_01842,I am in your office na.,en,uci_sms_spam_collection_v1,ham,NEEDS_REVIEW,,155952169073,私人日常闲聊/个人对话，无商业或诈骗意图，无法归入四分类
uci_01843,"""Are you comingdown later?""",en,uci_sms_spam_collection_v1,ham,NEEDS_REVIEW,,377ea8a998d1,私人日常闲聊/个人对话，无商业或诈骗意图，无法归入四分类
uci_01844,Super da:)good replacement for murali,en,uci_sms_spam_collection_v1,ham,NEEDS_REVIEW,,f5d3e2507aed,私人日常闲聊/个人对话，无商业或诈骗意图，无法归入四分类
uci_01845,Da is good good player.why he is unsold.,en,uci_sms_spam_collection_v1,ham,NEEDS_REVIEW,,a8c302508090,私人日常闲聊/个人对话，无商业或诈骗意图，无法归入四分类
uci_01846,Hi. || Do u want | to join me with sts later? || Meeting them at five. || Call u after class.,en,uci_sms_spam_collection_v1,ham,NEEDS_REVIEW,,c87a77957d5b,私人日常闲聊/个人对话，无商业或诈骗意图，无法归入四分类
uci_01847,Its on in engalnd! But telly has decided it won't let me watch it and mia and elliot were kissing! Damn it!,en,uci_sms_spam_collection_v1,ham,NEEDS_REVIEW,,a2275d379cff,私人日常闲聊/个人对话，无商业或诈骗意图，无法归入四分类
uci_01848,"FREE NOKIA Or Motorola with upto 12mths 1/2price linerental, 500 FREE x-net mins&100txt/mth FREE B'tooth*. Call Mobileupd8 on 08001950382 or call 2optout/D3WV",en,uci_sms_spam_collection_v1,spam,AD,,fd2345334df2,免费手机+半价租约促销广告，Nokia/Motorola提供，正规商业推销
uci_01849,I dont want to hear philosophy. Just say what happen,en,uci_sms_spam_collection_v1,ham,NEEDS_REVIEW,,e81c4e1b2989,私人日常闲聊/个人对话，无商业或诈骗意图，无法归入四分类
uci_01850,You got job in wipro:)you will get every thing in life in 2 or 3 years.,en,uci_sms_spam_collection_v1,ham,NEEDS_REVIEW,,6e176ec1b0ed,私人日常闲聊/个人对话，无商业或诈骗意图，无法归入四分类
uci_01851,Then cant get da laptop? My matric card wif ¨¹ lei...,en,uci_sms_spam_collection_v1,ham,NEEDS_REVIEW,,aa65bbd83b06,私人日常闲聊/个人对话，无商业或诈骗意图，无法归入四分类
uci_01852,Dunno da next show aft 6 is 850. Toa payoh got 650.,en,uci_sms_spam_collection_v1,ham,NEEDS_REVIEW,,e20e663b0337,私人日常闲聊/个人对话，无商业或诈骗意图，无法归入四分类
uci_01853,"This is the 2nd time we have tried 2 contact u. U have won the 750 Pound prize. 2 claim is easy, call 08718726970 NOW! Only 10p per min. BT-national-rate",en,uci_sms_spam_collection_v1,spam,NEEDS_REVIEW,,7e959529ca51,无法明确归类的消息，不确定类别，归入待审核
uci_01854,I just made some payments so dont have that much. Sorry. Would you want it fedex or the other way.,en,uci_sms_spam_collection_v1,ham,NEEDS_REVIEW,,6637791262a7,私人日常闲聊/个人对话，无商业或诈骗意图，无法归入四分类
uci_01855,They did't play one day last year know even though they have very good team.. Like india.,en,uci_sms_spam_collection_v1,ham,FRAUD,,a6c861a9ae0c,假冒中奖通知，声称赢得750镑奖品要求拨打电话领取，典型假中奖诈骗
uci_01856,K.:)you are the only girl waiting in reception ah?,en,uci_sms_spam_collection_v1,ham,NEEDS_REVIEW,,e20d6ca211f3,私人日常闲聊/个人对话，无商业或诈骗意图，无法归入四分类
uci_01857,"Say this slowly.? GOD,I LOVE YOU &amp; I NEED YOU,CLEAN MY HEART WITH YOUR BLOOD.Send this to Ten special people &amp; u c miracle tomorrow, do it,pls,pls do it...",en,uci_sms_spam_collection_v1,ham,NEEDS_REVIEW,,17abb528d1b6,宗教/迷信/幽默链式转发短信，要求转发若干人，属转发骚扰但非商业诈骗，归待审核
uci_01858,I hate when she does this. She turns what should be a fun shopping trip into an annoying day of how everything would look in her house.,en,uci_sms_spam_collection_v1,ham,NEEDS_REVIEW,,944ecaf95932,私人日常闲聊/个人对话，无商业或诈骗意图，无法归入四分类
uci_01859,"Sir, i am waiting for your call.",en,uci_sms_spam_collection_v1,ham,NEEDS_REVIEW,,437ff847d6a8,私人日常闲聊/个人对话，无商业或诈骗意图，无法归入四分类
uci_01860,What's up. Do you want me to come online?,en,uci_sms_spam_collection_v1,ham,NEEDS_REVIEW,,faa169842b3f,私人日常闲聊/个人对话，无商业或诈骗意图，无法归入四分类
uci_01861,"It could work, we'll reach a consensus at the next meeting",en,uci_sms_spam_collection_v1,ham,NEEDS_REVIEW,,9667f1e2c00d,私人日常闲聊/个人对话，无商业或诈骗意图，无法归入四分类
uci_01862,Aiyah then i wait lor. Then u entertain me. Hee...,en,uci_sms_spam_collection_v1,ham,NEEDS_REVIEW,,294d1ddc413a,私人日常闲聊/个人对话，无商业或诈骗意图，无法归入四分类
uci_01863,"The last thing i ever wanted to do was hurt you. And i didn't think it would have. You'd laugh, be embarassed, delete the tag and keep going. But as far as i knew, it wasn't even up. The fact that you even felt like i would do it to hurt you shows you really don't know me at all. It was messy wednesday, but it wasn't bad. The problem i have with it is you HAVE the time to clean it, but you choose not to. You skype, you take pictures, you sleep, you want to go out. I don't mind a few things here and there, but when you don't make the bed, when you throw laundry on top of it, when i can't have a friend in the house because i'm embarassed that there's underwear and bras strewn on the bed, pillows on the floor, that's something else. You used to be good about at least making the bed.",en,uci_sms_spam_collection_v1,ham,NEEDS_REVIEW,,6a3735d1881e,私人日常闲聊/个人对话，无商业或诈骗意图，无法归入四分类
uci_01864,I'll let you know when it kicks in,en,uci_sms_spam_collection_v1,ham,NEEDS_REVIEW,,401c37cdbc52,私人日常闲聊/个人对话，无商业或诈骗意图，无法归入四分类
uci_01865,You call him now ok i said call him,en,uci_sms_spam_collection_v1,ham,NEEDS_REVIEW,,59f82e432d4a,私人日常闲聊/个人对话，无商业或诈骗意图，无法归入四分类
uci_01866,Call to the number which is available in appointment. And ask to connect the call to waheed fathima.,en,uci_sms_spam_collection_v1,ham,NEEDS_REVIEW,,bd0d37c31da4,私人日常闲聊/个人对话，无商业或诈骗意图，无法归入四分类
uci_01867,Or ¨¹ go buy wif him then i meet ¨¹ later can?,en,uci_sms_spam_collection_v1,ham,NEEDS_REVIEW,,ae9eb025b0b5,私人日常闲聊/个人对话，无商业或诈骗意图，无法归入四分类
uci_01868,Mmmm ... Fuck ... Not fair ! You know my weaknesses ! *grins* *pushes you to your knee's* *exposes my belly and pulls your head to it* Don't forget ... I know yours too *wicked smile*,en,uci_sms_spam_collection_v1,ham,HARASS,,e286a1c2f691,露骨性暗示消息，直接发给特定对象的荤段子/性挑逗内容，构成成人内容骚扰
uci_01869,Today my system sh get ready.all is well and i am also in the deep well,en,uci_sms_spam_collection_v1,ham,NEEDS_REVIEW,,ee0e34022314,私人日常闲聊/个人对话，无商业或诈骗意图，无法归入四分类
uci_01870,Mom wants to know where you at,en,uci_sms_spam_collection_v1,ham,NEEDS_REVIEW,,6b490fa24920,私人日常闲聊/个人对话，无商业或诈骗意图，无法归入四分类
uci_01871,"Aight, I'll text you when I'm back",en,uci_sms_spam_collection_v1,ham,NEEDS_REVIEW,,56eeee8a373d,私人日常闲聊/个人对话，无商业或诈骗意图，无法归入四分类
uci_01872,Dont know supports ass and srt i thnk. I think ps3 can play through usb too,en,uci_sms_spam_collection_v1,ham,NEEDS_REVIEW,,5a7453f4b0f8,私人日常闲聊/个人对话，无商业或诈骗意图，无法归入四分类
uci_01873,Oh ok i didnt know what you meant. Yep i am baby jontin,en,uci_sms_spam_collection_v1,ham,NEEDS_REVIEW,,203274e65400,私人日常闲聊/个人对话，无商业或诈骗意图，无法归入四分类
uci_01874,You have WON a guaranteed ¡ê1000 cash or a ¡ê2000 prize.To claim yr prize call our customer service representative on,en,uci_sms_spam_collection_v1,spam,FRAUD,,47e18e33c678,假中奖通知，承诺保证1000镑现金或2000镑奖品要求拨打客服电话领取
uci_01875,Would you like to see my XXX pics they are so hot they were nearly banned in the uk!,en,uci_sms_spam_collection_v1,spam,HARASS,,4469330379e6,成人XXX照片推广，诱导付费查看露骨内容，属成人内容骚扰
uci_01876,HMV BONUS SPECIAL 500 pounds of genuine HMV vouchers to be won. Just answer 4 easy questions. Play Now! Send HMV to 86688 More info:www.100percent-real.com,en,uci_sms_spam_collection_v1,spam,AD,,f4738b21547b,HMV礼品券抽奖促销，正规商家营销活动，答4题赢500镑代金券
uci_01877,Watching tv now. I got new job :),en,uci_sms_spam_collection_v1,ham,NEEDS_REVIEW,,e77ee1f46379,私人日常闲聊/个人对话，无商业或诈骗意图，无法归入四分类
uci_01878,This pen thing is beyond a joke. Wont a Biro do? Don't do a masters as can't do this ever again!,en,uci_sms_spam_collection_v1,ham,NEEDS_REVIEW,,b9d6ca2c3771,私人日常闲聊/个人对话，无商业或诈骗意图，无法归入四分类
uci_01879,I AM AT A PARTY WITH ALEX NICHOLS,en,uci_sms_spam_collection_v1,ham,NEEDS_REVIEW,,913b4d518b9a,私人日常闲聊/个人对话，无商业或诈骗意图，无法归入四分类
uci_01880,U have a secret admirer who is looking 2 make contact with U-find out who they R*reveal who thinks UR so special-call on 09058094594,en,uci_sms_spam_collection_v1,spam,HARASS,,2cc64639dece,秘密仰慕者骚扰付费服务，诱导拨打付费电话寻找暗恋者，属灰色交友骚扰
uci_01881,Just seeing your missed call my dear brother. Do have a gr8 day.,en,uci_sms_spam_collection_v1,ham,NEEDS_REVIEW,,8e8dbc8c65a8,私人日常闲聊/个人对话，无商业或诈骗意图，无法归入四分类
uci_01882,Ok.. ¨¹ finishing soon?,en,uci_sms_spam_collection_v1,ham,NEEDS_REVIEW,,1915642baab1,私人日常闲聊/个人对话，无商业或诈骗意图，无法归入四分类
uci_01883,"Sorry, I can't help you on this.",en,uci_sms_spam_collection_v1,ham,NEEDS_REVIEW,,8fbc78808202,私人日常闲聊/个人对话，无商业或诈骗意图，无法归入四分类
uci_01884,"Come to me, slave. Your doing it again ... Going into your shell and unconsciously avoiding me ... You are making me unhappy :-(",en,uci_sms_spam_collection_v1,ham,NEEDS_REVIEW,,0131baf42e3a,私人日常闲聊/个人对话，无商业或诈骗意图，无法归入四分类
uci_01885,I love your ass! Do you enjoy doggy style? :),en,uci_sms_spam_collection_v1,ham,HARASS,,83fdefd58db9,露骨性暗示消息，直接发给特定对象的荤段子/性挑逗内容，构成成人内容骚扰
uci_01886,I think asking for a gym is the excuse for lazy people. I jog.,en,uci_sms_spam_collection_v1,ham,NEEDS_REVIEW,,d123af026a2c,私人日常闲聊/个人对话，无商业或诈骗意图，无法归入四分类
uci_01887,Dear 0776xxxxxxx U've been invited to XCHAT. This is our final attempt to contact u! Txt CHAT to 86688 150p/MsgrcvdHG/Suite342/2Lands/Row/W1J6HL LDN 18yrs,en,uci_sms_spam_collection_v1,spam,HARASS,,622a906653be,成人聊天付费订阅广告，诱导发送CHAT到高费率号码，属色情骚扰推销
uci_01888,Urgent! Please call 09061743811 from landline. Your ABTA complimentary 4* Tenerife Holiday or ¡ê5000 cash await collection SAE T&Cs Box 326 CW25WX 150ppm,en,uci_sms_spam_collection_v1,spam,FRAUD,,3c8fe68b8720,假冒ABTA中奖通知，要求拨打固话并提供个人信息领取现金或假期奖励，钓鱼诈骗
uci_01889,No. On the way home. So if not for the long dry spell the season would have been over,en,uci_sms_spam_collection_v1,ham,HARASS,,51e419743626,极端成人聊天热线广告，付费收听露骨内容，属成人骚扰类推销
uci_01890,I gotta collect da car at 6 lei.,en,uci_sms_spam_collection_v1,ham,NEEDS_REVIEW,,66e7bfc9b3ba,私人日常闲聊/个人对话，无商业或诈骗意图，无法归入四分类
uci_01891,Ok but knackered. Just came home and went to sleep! Not good at this full time work lark.,en,uci_sms_spam_collection_v1,ham,NEEDS_REVIEW,,1d52582864c0,私人日常闲聊/个人对话，无商业或诈骗意图，无法归入四分类
uci_01892,Probably earlier than that if the station's where I think it is,en,uci_sms_spam_collection_v1,ham,NEEDS_REVIEW,,3d3753115f1b,私人日常闲聊/个人对话，无商业或诈骗意图，无法归入四分类
uci_01893,CALL 09090900040 & LISTEN TO EXTREME DIRTY LIVE CHAT GOING ON IN THE OFFICE RIGHT NOW TOTAL PRIVACY NO ONE KNOWS YOUR [sic] LISTENING 60P MIN 24/7MP 0870753331018+,en,uci_sms_spam_collection_v1,spam,HARASS,,36ffd1c7776a,付费成人内容热线，提供办公室情色直播聊天，属成人骚扰推销
uci_01894,Good Morning plz call me sir,en,uci_sms_spam_collection_v1,ham,NEEDS_REVIEW,,846f71214660,私人日常闲聊/个人对话，无商业或诈骗意图，无法归入四分类
uci_01895,"FreeMsg Hey U, i just got 1 of these video/pic fones, reply WILD to this txt & ill send U my pics, hurry up Im so bored at work xxx (18 150p/rcvd STOP2stop)",en,uci_sms_spam_collection_v1,spam,HARASS,,762706dc210d,免费色情视频/图片推广，回复关键词即发送露骨内容，属成人内容骚扰
uci_01896,"Uh, heads up we don't have THAT much left",en,uci_sms_spam_collection_v1,ham,NEEDS_REVIEW,,d4e454f10007,私人日常闲聊/个人对话，无商业或诈骗意图，无法归入四分类
uci_01897,I tot u outside cos darren say u come shopping. Of course we nice wat. We jus went sim lim look at mp3 player.,en,uci_sms_spam_collection_v1,ham,FRAUD,,307815873ae3,假冒Vodafone号码中奖，要求拨打电话确认领取5000镑奖金，典型假中奖诈骗
uci_01898,"Aight, sounds good. When do you want me to come down?",en,uci_sms_spam_collection_v1,ham,NEEDS_REVIEW,,615959471304,私人日常闲聊/个人对话，无商业或诈骗意图，无法归入四分类
uci_01899,Wat would u like 4 ur birthday?,en,uci_sms_spam_collection_v1,ham,NEEDS_REVIEW,,3047714366f8,私人日常闲聊/个人对话，无商业或诈骗意图，无法归入四分类
uci_01900,I love working from home :),en,uci_sms_spam_collection_v1,ham,NEEDS_REVIEW,,f90a35f36649,私人日常闲聊/个人对话，无商业或诈骗意图，无法归入四分类
uci_01901,And miss vday the parachute and double coins??? U must not know me very well...,en,uci_sms_spam_collection_v1,ham,NEEDS_REVIEW,,0a022045b143,私人日常闲聊/个人对话，无商业或诈骗意图，无法归入四分类
uci_01902,"Sorry, I'll call later",en,uci_sms_spam_collection_v1,ham,NEEDS_REVIEW,,d5081f7715ce,私人日常闲聊/个人对话，无商业或诈骗意图，无法归入四分类
uci_01903,My sister got placed in birla soft da:-),en,uci_sms_spam_collection_v1,ham,NEEDS_REVIEW,,b58d63fd56ae,私人日常闲聊/个人对话，无商业或诈骗意图，无法归入四分类
uci_01904,Free entry in 2 a weekly comp for a chance to win an ipod. Txt POD to 80182 to get entry (std txt rate) T&C's apply 08452810073 for details 18+,en,uci_sms_spam_collection_v1,spam,AD,,5caab8209c17,iPod抽奖竞赛广告，输入POD参与周赛，正规商业促销
uci_01905,Wah... Okie okie... Muz make use of e unlimited... Haha...,en,uci_sms_spam_collection_v1,ham,NEEDS_REVIEW,,9c142e0cd265,私人日常闲聊/个人对话，无商业或诈骗意图，无法归入四分类
uci_01906,"There're some people by mu, I'm at the table by lambda",en,uci_sms_spam_collection_v1,ham,NEEDS_REVIEW,,19a52c7c59c8,私人日常闲聊/个人对话，无商业或诈骗意图，无法归入四分类
uci_01907,And stop being an old man. You get to build snowman snow angels and snowball fights.,en,uci_sms_spam_collection_v1,ham,NEEDS_REVIEW,,0ba2e05348c0,私人日常闲聊/个人对话，无商业或诈骗意图，无法归入四分类
uci_01908,ELLO BABE U OK?,en,uci_sms_spam_collection_v1,ham,NEEDS_REVIEW,,934a932e9c93,私人日常闲聊/个人对话，无商业或诈骗意图，无法归入四分类
uci_01909,Hello beautiful r u ok? I've kinda ad a row wiv and he walked out the pub?? I wanted a night wiv u Miss u,en,uci_sms_spam_collection_v1,ham,NEEDS_REVIEW,,fc31273c41c1,私人日常闲聊/个人对话，无商业或诈骗意图，无法归入四分类
uci_01910,Then u going ikea str aft dat?,en,uci_sms_spam_collection_v1,ham,NEEDS_REVIEW,,73965ee91df5,私人日常闲聊/个人对话，无商业或诈骗意图，无法归入四分类
uci_01911,Becoz its  &lt;#&gt;  jan whn al the post ofice is in holiday so she cn go fr the post ofice...got it duffer,en,uci_sms_spam_collection_v1,ham,NEEDS_REVIEW,,c0412b5d8644,私人日常闲聊/个人对话，无商业或诈骗意图，无法归入四分类
uci_01912,Lol grr my mom is taking forever with my prescription. Pharmacy is like 2 minutes away. Ugh.,en,uci_sms_spam_collection_v1,ham,NEEDS_REVIEW,,94e96423db31,私人日常闲聊/个人对话，无商业或诈骗意图，无法归入四分类
uci_01913,For real tho this sucks. I can't even cook my whole electricity is out. And I'm hungry.,en,uci_sms_spam_collection_v1,ham,NEEDS_REVIEW,,fec5209c0420,私人日常闲聊/个人对话，无商业或诈骗意图，无法归入四分类
uci_01914,You want to go?,en,uci_sms_spam_collection_v1,ham,NEEDS_REVIEW,,0a1a947cd900,私人日常闲聊/个人对话，无商业或诈骗意图，无法归入四分类
uci_01915,New TEXTBUDDY Chat 2 horny guys in ur area 4 just 25p Free 2 receive Search postcode or at gaytextbuddy.com. TXT ONE name to 89693. 08715500022 rpl Stop 2 cnl,en,uci_sms_spam_collection_v1,spam,HARASS,,d09ca81770e3,本地成人聊天付费服务，定位灰色交友骚扰，诱导付费参与
uci_01916,Its not that time of the month nor mid of the time?,en,uci_sms_spam_collection_v1,ham,NEEDS_REVIEW,,244e40263272,私人日常闲聊/个人对话，无商业或诈骗意图，无法归入四分类
uci_01917,Fffff. Can you text kadeem or are you too far gone,en,uci_sms_spam_collection_v1,ham,NEEDS_REVIEW,,1885f392620d,私人日常闲聊/个人对话，无商业或诈骗意图，无法归入四分类
uci_01918,We not leaving yet. Ok lor then we go elsewhere n eat. U thk...,en,uci_sms_spam_collection_v1,ham,NEEDS_REVIEW,,bf61e7307660,私人日常闲聊/个人对话，无商业或诈骗意图，无法归入四分类
uci_01919,Is fujitsu s series lifebook good?,en,uci_sms_spam_collection_v1,ham,NEEDS_REVIEW,,9c9f4e79fed5,私人日常闲聊/个人对话，无商业或诈骗意图，无法归入四分类
uci_01920,Yar i wanted 2 scold u yest but late already... I where got zhong se qing you? If u ask me b4 he ask me then i'll go out w u all lor. N u still can act so real.,en,uci_sms_spam_collection_v1,ham,NEEDS_REVIEW,,bfde1061ac17,私人日常闲聊/个人对话，无商业或诈骗意图，无法归入四分类
uci_01921,Dont know you bring some food,en,uci_sms_spam_collection_v1,ham,NEEDS_REVIEW,,70666c3d4d2b,私人日常闲聊/个人对话，无商业或诈骗意图，无法归入四分类
uci_01922,No current and food here. I am alone also,en,uci_sms_spam_collection_v1,ham,NEEDS_REVIEW,,ae90fb23f6f7,私人日常闲聊/个人对话，无商业或诈骗意图，无法归入四分类
uci_01923,I'll be in sch fr 4-6... I dun haf da book in sch... It's at home...,en,uci_sms_spam_collection_v1,ham,NEEDS_REVIEW,,2ebcca4f5a55,私人日常闲聊/个人对话，无商业或诈骗意图，无法归入四分类
uci_01924,Hello. They are going to the village pub at 8 so either come here or there accordingly. Ok?,en,uci_sms_spam_collection_v1,ham,NEEDS_REVIEW,,1931dad1c3b3,私人日常闲聊/个人对话，无商业或诈骗意图，无法归入四分类
uci_01925,Ok,en,uci_sms_spam_collection_v1,ham,NEEDS_REVIEW,,7a85f4764bbd,私人日常闲聊/个人对话，无商业或诈骗意图，无法归入四分类
uci_01926,We don call like  &lt;#&gt;  times oh. No give us hypertension oh.,en,uci_sms_spam_collection_v1,ham,NEEDS_REVIEW,,647b50e30764,私人日常闲聊/个人对话，无商业或诈骗意图，无法归入四分类
uci_01927,"Dont give a monkeys wot they think and i certainly don't mind. Any friend of mine&all that! Just don't sleep wiv , that wud be annoyin!",en,uci_sms_spam_collection_v1,ham,NEEDS_REVIEW,,0a86ef21a08e,私人日常闲聊/个人对话，无商业或诈骗意图，无法归入四分类
uci_01928,Omg it could snow here tonite!,en,uci_sms_spam_collection_v1,ham,NEEDS_REVIEW,,58de4395f3d8,私人日常闲聊/个人对话，无商业或诈骗意图，无法归入四分类
uci_01929,Call from 08702490080 - tells u 2 call 09066358152 to claim ¡ê5000 prize. U have 2 enter all ur mobile & personal details @ the prompts. Careful!,en,uci_sms_spam_collection_v1,spam,FRAUD,,c2205e29e6e1,自动语音诈骗电话，引导用户拨打付费电话领取5000镑奖金，典型自动拨号诈骗
uci_01930,Free 1st week entry 2 TEXTPOD 4 a chance 2 win 40GB iPod or ¡ê250 cash every wk. Txt VPOD to 81303 Ts&Cs www.textpod.net custcare 08712405020.,en,uci_sms_spam_collection_v1,spam,AD,,4954b011831b,iPod每周抽奖促销，短信参与赢40GB iPod或250镑现金，正规营销竞赛广告
uci_01931,Carry on not disturbing both of you,en,uci_sms_spam_collection_v1,ham,NEEDS_REVIEW,,0eab173ad8e9,私人日常闲聊/个人对话，无商业或诈骗意图，无法归入四分类
uci_01932,What pa tell me.. I went to bath:-),en,uci_sms_spam_collection_v1,ham,NEEDS_REVIEW,,590d5a173419,私人日常闲聊/个人对话，无商业或诈骗意图，无法归入四分类
uci_01933,Jus finished avatar nigro,en,uci_sms_spam_collection_v1,ham,NEEDS_REVIEW,,d3b3b159245b,私人日常闲聊/个人对话，无商业或诈骗意图，无法归入四分类
uci_01934,R u over scratching it?,en,uci_sms_spam_collection_v1,ham,NEEDS_REVIEW,,0ebf29aa07cb,私人日常闲聊/个人对话，无商业或诈骗意图，无法归入四分类
uci_01935,Hope you are having a great day.,en,uci_sms_spam_collection_v1,ham,NEEDS_REVIEW,,b6d4876b4143,私人日常闲聊/个人对话，无商业或诈骗意图，无法归入四分类
uci_01936,Did either of you have any idea's? Do you know of anyplaces doing something?,en,uci_sms_spam_collection_v1,ham,NEEDS_REVIEW,,4400bce5b38e,私人日常闲聊/个人对话，无商业或诈骗意图，无法归入四分类
uci_01937,"My planning usually stops at ""find hella weed, smoke hella weed""",en,uci_sms_spam_collection_v1,ham,NEEDS_REVIEW,,9f26d123e726,私人日常闲聊/个人对话，无商业或诈骗意图，无法归入四分类
uci_01938,"The fact that you're cleaning shows you know why i'm upset. Your priority is constantly ""what i want to do,"" not ""what i need to do.""",en,uci_sms_spam_collection_v1,ham,NEEDS_REVIEW,,e439737cbbaa,私人日常闲聊/个人对话，无商业或诈骗意图，无法归入四分类
uci_01939,Excellent! Are you ready to moan and scream in ecstasy?,en,uci_sms_spam_collection_v1,ham,HARASS,,3f2472fe0a6a,"露骨性暗示消息，直接发给特定对象，""准备好在高潮中呻吟尖叫""，构成成人内容骚扰"
uci_01940,More people are dogging in your area now. Call 09090204448 and join like minded guys. Why not arrange 1 yourself. There's 1 this evening. A¡ê1.50 minAPN LS278BB,en,uci_sms_spam_collection_v1,spam,HARASS,,40e765fc96be,本地成人约会付费服务，宣传dogging等灰色交友，属成人骚扰推销
uci_01941,Dude avatar 3d was imp. At one point i thought there were actually flies in the room and almost tried hittng one as a reflex,en,uci_sms_spam_collection_v1,ham,NEEDS_REVIEW,,e6d32ea7b28e,私人日常闲聊/个人对话，无商业或诈骗意图，无法归入四分类
uci_01942,"WELL DONE! Your 4* Costa Del Sol Holiday or ¡ê5000 await collection. Call 09050090044 Now toClaim. SAE, TCs, POBox334, Stockport, SK38xh, Cost¡ê1.50/pm, Max10mins",en,uci_sms_spam_collection_v1,spam,FRAUD,,a97f305c7682,假冒中奖通知，声称Costa Del Sol假期或5000镑现金奖励需拨打电话领取
uci_01943,K...k:)why cant you come here and search job:),en,uci_sms_spam_collection_v1,ham,NEEDS_REVIEW,,77e3c3e04a3b,私人日常闲聊/个人对话，无商业或诈骗意图，无法归入四分类
uci_01944,I got lousy sleep. I kept waking up every 2 hours to see if my cat wanted to come in. I worry about him when its cold :(,en,uci_sms_spam_collection_v1,ham,NEEDS_REVIEW,,9ea3f96abb27,私人日常闲聊/个人对话，无商业或诈骗意图，无法归入四分类
uci_01945,"Yeah, I'll leave in a couple minutes &amp; let you know when I get to mu",en,uci_sms_spam_collection_v1,ham,NEEDS_REVIEW,,fe4a8031e70e,私人日常闲聊/个人对话，无商业或诈骗意图，无法归入四分类
uci_01946,Can ¨¹ call me at 10:10 to make sure dat i've woken up...,en,uci_sms_spam_collection_v1,ham,NEEDS_REVIEW,,99fefa5bb229,私人日常闲聊/个人对话，无商业或诈骗意图，无法归入四分类
uci_01947,Hey we can go jazz power yoga hip hop kb and yogasana,en,uci_sms_spam_collection_v1,ham,NEEDS_REVIEW,,97e9ce970683,私人日常闲聊/个人对话，无商业或诈骗意图，无法归入四分类
uci_01948,The battery is for mr adewale my uncle. Aka Egbon,en,uci_sms_spam_collection_v1,ham,NEEDS_REVIEW,,5eff2157220c,私人日常闲聊/个人对话，无商业或诈骗意图，无法归入四分类
uci_01949,I cant pick the phone right now. Pls send a message,en,uci_sms_spam_collection_v1,ham,NEEDS_REVIEW,,ea4561f1db70,私人日常闲聊/个人对话，无商业或诈骗意图，无法归入四分类
uci_01950,Wait 2 min..stand at bus stop,en,uci_sms_spam_collection_v1,ham,NEEDS_REVIEW,,b85b01b4d5b8,私人日常闲聊/个人对话，无商业或诈骗意图，无法归入四分类
uci_01951,Oh ic. I thought you meant mary jane.,en,uci_sms_spam_collection_v1,ham,NEEDS_REVIEW,,beb2e6a9296b,私人日常闲聊/个人对话，无商业或诈骗意图，无法归入四分类
uci_01952,Haha... Really oh no... How? Then will they deduct your lesson tmr?,en,uci_sms_spam_collection_v1,ham,NEEDS_REVIEW,,92cf507b38ab,私人日常闲聊/个人对话，无商业或诈骗意图，无法归入四分类
uci_01953,Nah im goin 2 the wrks with j wot bout u?,en,uci_sms_spam_collection_v1,ham,NEEDS_REVIEW,,339054271fce,私人日常闲聊/个人对话，无商业或诈骗意图，无法归入四分类
uci_01954,Then just eat a shit and wait for ur monkey face bitch.......... U asshole..................,en,uci_sms_spam_collection_v1,ham,NEEDS_REVIEW,,911d85be92ba,粗口骂人发泄情绪，私人间对话，非商业/诈骗，归待审核
uci_01955,Good night. Am going to sleep.,en,uci_sms_spam_collection_v1,ham,NEEDS_REVIEW,,1d12bb2fe572,私人日常闲聊/个人对话，无商业或诈骗意图，无法归入四分类
uci_01956,"Aight I'll grab something to eat too, text me when you're back at mu",en,uci_sms_spam_collection_v1,ham,NEEDS_REVIEW,,aeb8f1bc1742,私人日常闲聊/个人对话，无商业或诈骗意图，无法归入四分类
uci_01957,K...k:)why cant you come here and search job:),en,uci_sms_spam_collection_v1,ham,NEEDS_REVIEW,,77e3c3e04a3b,私人日常闲聊/个人对话，无商业或诈骗意图，无法归入四分类
uci_01958,Take something for pain. If it moves however to any side in the next 6hrs see a doctor.,en,uci_sms_spam_collection_v1,ham,NEEDS_REVIEW,,1a6ea54dd207,私人日常闲聊/个人对话，无商业或诈骗意图，无法归入四分类
uci_01959,"Lol ... Oh no babe, I wont be sliding into your place after midnight, but thanks for the invite",en,uci_sms_spam_collection_v1,ham,NEEDS_REVIEW,,fff36e8e38eb,私人日常闲聊/个人对话，无商业或诈骗意图，无法归入四分类
uci_01960,Howz that persons story,en,uci_sms_spam_collection_v1,ham,NEEDS_REVIEW,,4067ccc15d52,私人日常闲聊/个人对话，无商业或诈骗意图，无法归入四分类
uci_01961,Guess what! Somebody you know secretly fancies you! Wanna find out who it is? Give us a call on 09065394973 from Landline DATEBox1282EssexCM61XN 150p/min 18,en,uci_sms_spam_collection_v1,spam,HARASS,,d079ccb21630,秘密暗恋者付费电话服务，高额收费获取个人信息，属灰色交友骚扰推销
uci_01962,LOL that would be awesome payback.,en,uci_sms_spam_collection_v1,ham,NEEDS_REVIEW,,fef05338f8eb,私人日常闲聊/个人对话，无商业或诈骗意图，无法归入四分类
uci_01963,it to 80488. Your 500 free text messages are valid until 31 December 2005.,en,uci_sms_spam_collection_v1,spam,AD,,1f2c2c06caf7,免费短信促销，发送特定号码即可获500条免费短信，正规商业广告
uci_01964,Yes :)it completely in out of form:)clark also utter waste.,en,uci_sms_spam_collection_v1,ham,NEEDS_REVIEW,,9fe00085ef9c,私人日常闲聊/个人对话，无商业或诈骗意图，无法归入四分类
uci_01965,"Honeybee Said: *I'm d Sweetest in d World* God Laughed &amp; Said: *Wait,U Havnt Met d Person Reading This Msg* MORAL: Even GOD Can Crack Jokes! GM+GN+GE+GN:)",en,uci_sms_spam_collection_v1,ham,NEEDS_REVIEW,,76a21865fa37,宗教/迷信/幽默链式转发短信，要求转发若干人，属转发骚扰但非商业诈骗，归待审核
uci_01966,Thanks. It was only from tescos but quite nice. All gone now. Speak soon,en,uci_sms_spam_collection_v1,ham,NEEDS_REVIEW,,3f4f10efa706,私人日常闲聊/个人对话，无商业或诈骗意图，无法归入四分类
uci_01967,What's a feathery bowa? Is that something guys have that I don't know about?,en,uci_sms_spam_collection_v1,ham,NEEDS_REVIEW,,e575ba936ae1,私人日常闲聊/个人对话，无商业或诈骗意图，无法归入四分类
uci_01968,Even i cant close my eyes you are in me our vava playing umma :-D,en,uci_sms_spam_collection_v1,ham,NEEDS_REVIEW,,100817886221,私人日常闲聊/个人对话，无商业或诈骗意图，无法归入四分类
uci_01969,2 laptop... I noe infra but too slow lar... I wan fast one,en,uci_sms_spam_collection_v1,ham,NEEDS_REVIEW,,58fd59525abe,私人日常闲聊/个人对话，无商业或诈骗意图，无法归入四分类
uci_01970,You have won a guaranteed ¡ê200 award or even ¡ê1000 cashto claim UR award call free on 08000407165 (18+) 2 stop getstop on 88222 PHP,en,uci_sms_spam_collection_v1,spam,FRAUD,,3226803a244c,假中奖通知，承诺保证200镑或1000镑现金可拨打免费电话领取，典型假奖励诈骗
uci_01971,Nvm it's ok...,en,uci_sms_spam_collection_v1,ham,NEEDS_REVIEW,,fd0251a5b170,私人日常闲聊/个人对话，无商业或诈骗意图，无法归入四分类
uci_01972,Enjoy ur life. . Good night,en,uci_sms_spam_collection_v1,ham,NEEDS_REVIEW,,93fac01ae40c,私人日常闲聊/个人对话，无商业或诈骗意图，无法归入四分类
uci_01973,Yes but can we meet in town cos will go to gep and then home. You could text at bus stop. And don't worry we'll have finished by march ¡­ ish!,en,uci_sms_spam_collection_v1,ham,NEEDS_REVIEW,,a2efc54314b4,私人日常闲聊/个人对话，无商业或诈骗意图，无法归入四分类
uci_01974,I had askd u a question some hours before. Its answer,en,uci_sms_spam_collection_v1,ham,NEEDS_REVIEW,,29395f182076,私人日常闲聊/个人对话，无商业或诈骗意图，无法归入四分类
uci_01975,Thats cool. Where should i cum? On you or in you? :),en,uci_sms_spam_collection_v1,ham,HARASS,,ebfa41c8c7c9,"露骨性暗示消息，直接发给特定对象，""我该射在哪里""，构成成人内容骚扰"
uci_01976,Delhi and chennai still silent.,en,uci_sms_spam_collection_v1,ham,NEEDS_REVIEW,,f05ec9263b52,私人日常闲聊/个人对话，无商业或诈骗意图，无法归入四分类
uci_01977,Lol alright i was thinkin that too haha,en,uci_sms_spam_collection_v1,ham,NEEDS_REVIEW,,629f2ef08295,私人日常闲聊/个人对话，无商业或诈骗意图，无法归入四分类
uci_01978,Reply to win ¡ê100 weekly! Where will the 2006 FIFA World Cup be held? Send STOP to 87239 to end service,en,uci_sms_spam_collection_v1,spam,AD,,554b6c651667,世界杯知识竞赛赢100镑促销，正规商业抽奖广告
uci_01979,No I'm in the same boat. Still here at my moms. Check me out on yo. I'm half naked.,en,uci_sms_spam_collection_v1,ham,NEEDS_REVIEW,,5035db335d3e,私人日常闲聊/个人对话，无商业或诈骗意图，无法归入四分类
uci_01980,Shhhhh nobody is supposed to know!,en,uci_sms_spam_collection_v1,ham,NEEDS_REVIEW,,6cc4482666a3,私人日常闲聊/个人对话，无商业或诈骗意图，无法归入四分类
uci_01981,"Sorry, I'll call later",en,uci_sms_spam_collection_v1,ham,NEEDS_REVIEW,,d5081f7715ce,私人日常闲聊/个人对话，无商业或诈骗意图，无法归入四分类
uci_01982,"Sorry, I'll call later in meeting any thing related to trade please call Arul. &lt;#&gt;",en,uci_sms_spam_collection_v1,ham,NEEDS_REVIEW,,e8b7d53faa3a,私人日常闲聊/个人对话，无商业或诈骗意图，无法归入四分类
uci_01983,Hey i will be late... i'm at amk. Need to drink tea or coffee,en,uci_sms_spam_collection_v1,ham,NEEDS_REVIEW,,a41e9e785165,私人日常闲聊/个人对话，无商业或诈骗意图，无法归入四分类
uci_01984,I wnt to buy a BMW car urgently..its vry urgent.but hv a shortage of  &lt;#&gt; Lacs.there is no source to arng dis amt. &lt;#&gt; lacs..thats my prob,en,uci_sms_spam_collection_v1,ham,NEEDS_REVIEW,,91d2e9075b42,私人日常闲聊/个人对话，无商业或诈骗意图，无法归入四分类
uci_01985,Urgent! Please call 09061743810 from landline. Your ABTA complimentary 4* Tenerife Holiday or #5000 cash await collection SAE T&Cs Box 326 CW25WX 150 ppm,en,uci_sms_spam_collection_v1,spam,FRAUD,,3c8fe68b8720,与1888/1897相同的ABTA假中奖诈骗套路，要求拨打电话提供个人信息领取奖金
uci_01986,The length is e same but e top shorter n i got a fringe now. I thk i'm not going liao. Too lazy. Dun wan 2 distract u also.,en,uci_sms_spam_collection_v1,ham,NEEDS_REVIEW,,f57c0255ff58,私人日常闲聊/个人对话，无商业或诈骗意图，无法归入四分类
uci_01987,S..antha num corrct dane,en,uci_sms_spam_collection_v1,ham,FRAUD,,2af4c6f0cf96,与1888/1897相同的ABTA假中奖诈骗套路，要求拨打电话提供个人信息领取奖金
uci_01988,No calls..messages..missed calls,en,uci_sms_spam_collection_v1,ham,NEEDS_REVIEW,,816670b22ffb,私人日常闲聊/个人对话，无商业或诈骗意图，无法归入四分类
uci_01989,"Sorry, I'll call later",en,uci_sms_spam_collection_v1,ham,NEEDS_REVIEW,,d5081f7715ce,私人日常闲聊/个人对话，无商业或诈骗意图，无法归入四分类
uci_01990,The basket's gettin full so I might be by tonight,en,uci_sms_spam_collection_v1,ham,NEEDS_REVIEW,,b806184a9a7f,私人日常闲聊/个人对话，无商业或诈骗意图，无法归入四分类
uci_01991,HI DARLIN IVE JUST GOT BACK AND I HAD A REALLY NICE NIGHT AND THANKS SO MUCH FOR THE LIFT SEE U TOMORROW XXX,en,uci_sms_spam_collection_v1,ham,NEEDS_REVIEW,,442e28831d56,私人日常闲聊/个人对话，无商业或诈骗意图，无法归入四分类
uci_01992,No other Valentines huh? The proof is on your fb page. Ugh I'm so glad I really DIDN'T watch your rupaul show you TOOL!,en,uci_sms_spam_collection_v1,ham,NEEDS_REVIEW,,5abab63bc9e7,私人日常闲聊/个人对话，无商业或诈骗意图，无法归入四分类
uci_01993,Free tones Hope you enjoyed your new content. text stop to 61610 to unsubscribe. help:08712400602450p Provided by tones2you.co.uk,en,uci_sms_spam_collection_v1,spam,AD,,b464e104dfab,免费彩铃促销广告，提供娱乐内容订阅，正规商业推销
uci_01994,Eh den sat u book e kb liao huh...,en,uci_sms_spam_collection_v1,ham,NEEDS_REVIEW,,eb85ff233c14,私人日常闲聊/个人对话，无商业或诈骗意图，无法归入四分类
uci_01995,Have you been practising your curtsey?,en,uci_sms_spam_collection_v1,ham,NEEDS_REVIEW,,b31ac2a152c6,私人日常闲聊/个人对话，无商业或诈骗意图，无法归入四分类
uci_01996,Shall i come to get pickle,en,uci_sms_spam_collection_v1,ham,NEEDS_REVIEW,,cdead4402a3d,私人日常闲聊/个人对话，无商业或诈骗意图，无法归入四分类
uci_01997,Lol boo I was hoping for a laugh,en,uci_sms_spam_collection_v1,ham,NEEDS_REVIEW,,3071e6bbdefa,私人日常闲聊/个人对话，无商业或诈骗意图，无法归入四分类
uci_01998,"""YEH I AM DEF UP4 SOMETHING SAT,JUST GOT PAYED2DAY & I HAVBEEN GIVEN A¡ê50 PAY RISE 4MY WORK & HAVEBEEN MADE PRESCHOOLCO-ORDINATOR 2I AM FEELINGOOD LUV""",en,uci_sms_spam_collection_v1,ham,NEEDS_REVIEW,,56266169fe20,私人日常闲聊/个人对话，无商业或诈骗意图，无法归入四分类
uci_01999,"Well, I have to leave for my class babe ... You never came back to me ... :-( ... Hope you have a nice sleep, my love",en,uci_sms_spam_collection_v1,ham,NEEDS_REVIEW,,e250e969de44,私人日常闲聊/个人对话，无商业或诈骗意图，无法归入四分类
uci_02000,LMAO where's your fish memory when I need it?,en,uci_sms_spam_collection_v1,ham,NEEDS_REVIEW,,3833bbc2efe9,私人日常闲聊/个人对话，无商业或诈骗意图，无法归入四分类
uci_02001,But i'll b going 2 sch on mon. My sis need 2 take smth.,en,uci_sms_spam_collection_v1,ham,NEEDS_REVIEW,,45c5dda5f763,私人日常闲聊/个人对话，无商业或诈骗意图，无法归入四分类
uci_02002,Idea will soon get converted to live:),en,uci_sms_spam_collection_v1,ham,NEEDS_REVIEW,,d5768b719c6f,私人日常闲聊/个人对话，无商业或诈骗意图，无法归入四分类
uci_02003,TheMob>Yo yo yo-Here comes a new selection of hot downloads for our members to get for FREE! Just click & open the next link sent to ur fone...,en,uci_sms_spam_collection_v1,spam,AD,,7930c10da8c0,免费手机下载推广，含链接诱导点击，正规商业促销广告
uci_02004,S....s...india going to draw the series after many years in south african soil..,en,uci_sms_spam_collection_v1,ham,NEEDS_REVIEW,,156204764bd1,私人日常闲聊/个人对话，无商业或诈骗意图，无法归入四分类
uci_02005,"Goodmorning, today i am late for  &lt;DECIMAL&gt; min.",en,uci_sms_spam_collection_v1,ham,NEEDS_REVIEW,,6c7125e13e05,私人日常闲聊/个人对话，无商业或诈骗意图，无法归入四分类
uci_02006,Can't take any major roles in community outreach. You rock mel,en,uci_sms_spam_collection_v1,ham,NEEDS_REVIEW,,612957d522a4,私人日常闲聊/个人对话，无商业或诈骗意图，无法归入四分类
uci_02007,Shopping lor. Them raining mah hard 2 leave orchard.,en,uci_sms_spam_collection_v1,ham,NEEDS_REVIEW,,0b255eb5a5cb,私人日常闲聊/个人对话，无商业或诈骗意图，无法归入四分类
uci_02008,Hi here. have birth at on the  to  at 8lb 7oz. Mother and baby doing brilliantly.,en,uci_sms_spam_collection_v1,ham,NEEDS_REVIEW,,02622ad5d598,私人日常闲聊/个人对话，无商业或诈骗意图，无法归入四分类
uci_02009,See the forwarding message for proof,en,uci_sms_spam_collection_v1,ham,NEEDS_REVIEW,,7e63e8132a3a,私人日常闲聊/个人对话，无商业或诈骗意图，无法归入四分类
uci_02010,"I can't keep going through this. It was never my intention to run you out, but if you choose to do that rather than keep the room clean so *I* don't have to say no to visitors, then maybe that's the best choice. Yes, I wanted you to be embarassed, so maybe you'd feel for once how I feel when i have a friend who wants to drop buy and i have to say no, as happened this morning. I've tried everything. I don't know what else to do.",en,uci_sms_spam_collection_v1,ham,NEEDS_REVIEW,,aaa13e3f6d4b,私人日常闲聊/个人对话，无商业或诈骗意图，无法归入四分类
uci_02011,Dunno lei... I thk mum lazy to go out... I neva ask her yet...,en,uci_sms_spam_collection_v1,ham,NEEDS_REVIEW,,dc6551cb5081,私人日常闲聊/个人对话，无商业或诈骗意图，无法归入四分类
uci_02012,"Do whatever you want. You know what the rules are. We had a talk earlier this week about what had to start happening, you showing responsibility. Yet, every week it's can i bend the rule this way? What about that way? Do whatever. I'm tired of having thia same argument with you every week. And a  &lt;#&gt;  movie DOESNT inlude the previews. You're still getting in after 1.",en,uci_sms_spam_collection_v1,ham,NEEDS_REVIEW,,a86179879abb,私人日常闲聊/个人对话，无商业或诈骗意图，无法归入四分类
uci_02013,"Beautiful Truth against Gravity.. Read carefully: ""Our heart feels light when someone is in it.. But it feels very heavy when someone leaves it.."" GOODMORNING",en,uci_sms_spam_collection_v1,ham,NEEDS_REVIEW,,debf101428b8,宗教/迷信/幽默链式转发短信，要求转发若干人，属转发骚扰但非商业诈骗，归待审核
uci_02014,Great News! Call FREEFONE 08006344447 to claim your guaranteed ¡ê1000 CASH or ¡ê2000 gift. Speak to a live operator NOW!,en,uci_sms_spam_collection_v1,spam,FRAUD,,81b27e33a6a7,假中奖通知，承诺保证1000镑现金或2000镑礼品可拨打免费电话领取，典型假中奖诈骗
uci_02015,Ambrith..madurai..met u in arun dha marrge..remembr?,en,uci_sms_spam_collection_v1,ham,NEEDS_REVIEW,,aa8c7df43ebe,私人日常闲聊/个人对话，无商业或诈骗意图，无法归入四分类
uci_02016,Just re read it and I have no shame but tell me how he takes it and if he runs I will blame u 4 ever!! Not really 4 ever just a long time,en,uci_sms_spam_collection_v1,ham,NEEDS_REVIEW,,64335b800b52,私人日常闲聊/个人对话，无商业或诈骗意图，无法归入四分类
uci_02017,"Princess, is your kitty shaved or natural?",en,uci_sms_spam_collection_v1,ham,NEEDS_REVIEW,,1e2585448892,私人日常闲聊/个人对话，无商业或诈骗意图，无法归入四分类
uci_02018,"Better than bb. If he wont use it, his wife will or them doctor",en,uci_sms_spam_collection_v1,ham,NEEDS_REVIEW,,ac4d7cf4c016,私人日常闲聊/个人对话，无商业或诈骗意图，无法归入四分类
uci_02019,Ya it came a while ago,en,uci_sms_spam_collection_v1,ham,NEEDS_REVIEW,,39d98517041e,私人日常闲聊/个人对话，无商业或诈骗意图，无法归入四分类
uci_02020,From tomorrow onwards eve 6 to 3 work.,en,uci_sms_spam_collection_v1,ham,NEEDS_REVIEW,,2315c4ddc60e,私人日常闲聊/个人对话，无商业或诈骗意图，无法归入四分类
uci_02021,Anything lor but toa payoh got place 2 walk meh...,en,uci_sms_spam_collection_v1,ham,NEEDS_REVIEW,,efb18c14d7bc,私人日常闲聊/个人对话，无商业或诈骗意图，无法归入四分类
uci_02022,"I don't have anybody's number, I still haven't thought up a tactful way to ask alex",en,uci_sms_spam_collection_v1,ham,NEEDS_REVIEW,,971be692c0a5,私人日常闲聊/个人对话，无商业或诈骗意图，无法归入四分类
uci_02023,"U can WIN ¡ê100 of Music Gift Vouchers every week starting NOW Txt the word DRAW to 87066 TsCs www.ldew.com SkillGame,1Winaweek, age16.150ppermessSubscription",en,uci_sms_spam_collection_v1,spam,AD,,9dfa9052b11f,音乐礼品券每周抽奖促销，DRAW到87066参与，正规商业营销广告
uci_02024,Is there any movie theatre i can go to and watch unlimited movies and just pay once?,en,uci_sms_spam_collection_v1,ham,NEEDS_REVIEW,,c6c5bc1be918,私人日常闲聊/个人对话，无商业或诈骗意图，无法归入四分类
uci_02025,U having lunch alone? I now so bored...,en,uci_sms_spam_collection_v1,ham,NEEDS_REVIEW,,068415ae86fa,私人日常闲聊/个人对话，无商业或诈骗意图，无法归入四分类
uci_02026,"Yes obviously, but you are the eggs-pert and the potato head¡­ Speak soon!",en,uci_sms_spam_collection_v1,ham,NEEDS_REVIEW,,e7f222173369,私人日常闲聊/个人对话，无商业或诈骗意图，无法归入四分类
uci_02027,"Nah man, my car is meant to be crammed full of people",en,uci_sms_spam_collection_v1,ham,NEEDS_REVIEW,,1e1784fdb76a,私人日常闲聊/个人对话，无商业或诈骗意图，无法归入四分类
uci_02028,No got new job at bar in airport on satsgettin 4.47per hour but means no lie in! keep in touch,en,uci_sms_spam_collection_v1,ham,NEEDS_REVIEW,,97f51f9ff6bc,私人日常闲聊/个人对话，无商业或诈骗意图，无法归入四分类
uci_02029,Kallis is ready for bat in 2nd innings,en,uci_sms_spam_collection_v1,ham,NEEDS_REVIEW,,c768c603a08e,私人日常闲聊/个人对话，无商业或诈骗意图，无法归入四分类
uci_02030,Thanx but my birthday is over already.,en,uci_sms_spam_collection_v1,ham,NEEDS_REVIEW,,000e087daf3b,私人日常闲聊/个人对话，无商业或诈骗意图，无法归入四分类
uci_02031,"Ugh y can't u just apologize, admit u were wrong and ask me to take u back?",en,uci_sms_spam_collection_v1,ham,NEEDS_REVIEW,,bbb68ce66400,私人日常闲聊/个人对话，无商业或诈骗意图，无法归入四分类
uci_02032,"I noe la... U wana pei bf oso rite... K lor, other days den...",en,uci_sms_spam_collection_v1,ham,NEEDS_REVIEW,,51ad4b62b05c,私人日常闲聊/个人对话，无商业或诈骗意图，无法归入四分类
uci_02033,"Yes, i'm small kid.. And boost is the secret of my energy..",en,uci_sms_spam_collection_v1,ham,NEEDS_REVIEW,,54b024ca031c,私人日常闲聊/个人对话，无商业或诈骗意图，无法归入四分类
uci_02034,IM GONNA MISS U SO MUCH,en,uci_sms_spam_collection_v1,ham,NEEDS_REVIEW,,7b5396e4553a,私人日常闲聊/个人对话，无商业或诈骗意图，无法归入四分类
uci_02035,Is avatar supposed to have subtoitles,en,uci_sms_spam_collection_v1,ham,NEEDS_REVIEW,,1bdf5a57478a,私人日常闲聊/个人对话，无商业或诈骗意图，无法归入四分类
uci_02036,Simply sitting and watching match in office..,en,uci_sms_spam_collection_v1,ham,NEEDS_REVIEW,,291307d3aded,私人日常闲聊/个人对话，无商业或诈骗意图，无法归入四分类
uci_02037,You can jot down things you want to remember later.,en,uci_sms_spam_collection_v1,ham,NEEDS_REVIEW,,e96b70c885aa,私人日常闲聊/个人对话，无商业或诈骗意图，无法归入四分类
uci_02038,Oh sorry please its over,en,uci_sms_spam_collection_v1,ham,NEEDS_REVIEW,,62901469d904,私人日常闲聊/个人对话，无商业或诈骗意图，无法归入四分类
uci_02039,Hey are we going for the lo lesson or gym?,en,uci_sms_spam_collection_v1,ham,NEEDS_REVIEW,,bb09b3e594d1,私人日常闲聊/个人对话，无商业或诈骗意图，无法归入四分类
uci_02040,"Dont pack what you can buy at any store.like cereals. If you must pack food, pack gari or something 9ja that you will miss.",en,uci_sms_spam_collection_v1,ham,NEEDS_REVIEW,,482945886ded,私人日常闲聊/个人对话，无商业或诈骗意图，无法归入四分类
uci_02041,You always make things bigger than they are,en,uci_sms_spam_collection_v1,ham,NEEDS_REVIEW,,f9813cad0eee,私人日常闲聊/个人对话，无商业或诈骗意图，无法归入四分类
uci_02042,¨¹ dun wan to watch infernal affair?,en,uci_sms_spam_collection_v1,ham,NEEDS_REVIEW,,2054fd57385d,私人日常闲聊/个人对话，无商业或诈骗意图，无法归入四分类
uci_02043,"Me not waking up until 4 in the afternoon, sup",en,uci_sms_spam_collection_v1,ham,NEEDS_REVIEW,,fadb7e7ac2f9,私人日常闲聊/个人对话，无商业或诈骗意图，无法归入四分类
uci_02044,4mths half price Orange line rental & latest camera phones 4 FREE. Had your phone 11mths ? Call MobilesDirect free on 08000938767 to update now! or2stoptxt,en,uci_sms_spam_collection_v1,spam,AD,,29d3faf35d22,Orange手机升级促销+免费租约，4个月半价，正规运营商推销广告
uci_02045,I can send you a pic if you like :),en,uci_sms_spam_collection_v1,ham,NEEDS_REVIEW,,838b33f3579a,私人日常闲聊/个人对话，无商业或诈骗意图，无法归入四分类
uci_02046,Okay... I booked all already... Including the one at bugis.,en,uci_sms_spam_collection_v1,ham,NEEDS_REVIEW,,af8360a87bbc,私人日常闲聊/个人对话，无商业或诈骗意图，无法归入四分类
uci_02047,"Aight fuck it, I'll get it later",en,uci_sms_spam_collection_v1,ham,NEEDS_REVIEW,,3bbc02912db4,私人日常闲聊/个人对话，无商业或诈骗意图，无法归入四分类
uci_02048,No de. But call me after some time. Ill tell you k,en,uci_sms_spam_collection_v1,ham,NEEDS_REVIEW,,7c68af1e160b,私人日常闲聊/个人对话，无商业或诈骗意图，无法归入四分类
uci_02049,So dont use hook up any how,en,uci_sms_spam_collection_v1,ham,NEEDS_REVIEW,,62bfd8e2efaf,私人日常闲聊/个人对话，无商业或诈骗意图，无法归入四分类
uci_02050,How much is blackberry bold2 in nigeria.,en,uci_sms_spam_collection_v1,ham,NEEDS_REVIEW,,6b63897c270c,私人日常闲聊/个人对话，无商业或诈骗意图，无法归入四分类
uci_02051,Hi where you. You in home or calicut?,en,uci_sms_spam_collection_v1,ham,NEEDS_REVIEW,,33d4e805ad1f,私人日常闲聊/个人对话，无商业或诈骗意图，无法归入四分类
uci_02052,Hey darlin.. i can pick u up at college if u tell me wen & where 2 mt.. love Pete xx,en,uci_sms_spam_collection_v1,ham,NEEDS_REVIEW,,dabbf24eff01,私人日常闲聊/个人对话，无商业或诈骗意图，无法归入四分类
uci_02053,"Call 09094100151 to use ur mins! Calls cast 10p/min (mob vary). Service provided by AOM, just GBP5/month. AOM Box61,M60 1ER until u stop. Ages 18+ only!",en,uci_sms_spam_collection_v1,spam,AD,,b04432404257,通话分钟数促销广告，拨打特定号码使用通话时长含月费，正规商业推销
uci_02054,"Oh... I was thkin of goin yogasana at 10 den no nd to go at 3 den can rush to parco 4 nb... Okie lor, u call me when ready...",en,uci_sms_spam_collection_v1,ham,NEEDS_REVIEW,,1ffbaa4a43c7,私人日常闲聊/个人对话，无商业或诈骗意图，无法归入四分类
uci_02055,Y so late but i need to go n get da laptop...,en,uci_sms_spam_collection_v1,ham,NEEDS_REVIEW,,90e44e12b428,私人日常闲聊/个人对话，无商业或诈骗意图，无法归入四分类
uci_02056,"Sir, I am waiting for your mail.",en,uci_sms_spam_collection_v1,ham,NEEDS_REVIEW,,74200fd9be2f,私人日常闲聊/个人对话，无商业或诈骗意图，无法归入四分类
uci_02057,.Please charge my mobile when you get up in morning.,en,uci_sms_spam_collection_v1,ham,NEEDS_REVIEW,,ec14ff3176ee,私人日常闲聊/个人对话，无商业或诈骗意图，无法归入四分类
uci_02058,"Nothing, i got msg frm tht unknown no..",en,uci_sms_spam_collection_v1,ham,NEEDS_REVIEW,,0c447a696943,私人日常闲聊/个人对话，无商业或诈骗意图，无法归入四分类
uci_02059,Ugh fuck it I'm resubbing to eve,en,uci_sms_spam_collection_v1,ham,NEEDS_REVIEW,,dec525407ecc,私人日常闲聊/个人对话，无商业或诈骗意图，无法归入四分类
uci_02060,He didn't see his shadow. We get an early spring yay,en,uci_sms_spam_collection_v1,ham,NEEDS_REVIEW,,103fdadba18e,私人日常闲聊/个人对话，无商业或诈骗意图，无法归入四分类
uci_02061,I did. One slice and one breadstick. Lol,en,uci_sms_spam_collection_v1,ham,NEEDS_REVIEW,,8cafa6864bbf,私人日常闲聊/个人对话，无商业或诈骗意图，无法归入四分类
uci_02062,"Hey ! I want you ! I crave you ! I miss you ! I need you ! I love you, Ahmad Saeed al Hallaq ...",en,uci_sms_spam_collection_v1,ham,NEEDS_REVIEW,,fed9a9f19699,私人日常闲聊/个人对话，无商业或诈骗意图，无法归入四分类
uci_02063,Is there any training tomorrow?,en,uci_sms_spam_collection_v1,ham,NEEDS_REVIEW,,af7217cc3547,私人日常闲聊/个人对话，无商业或诈骗意图，无法归入四分类
uci_02064,"URGENT! Your mobile No *********** WON a ¡ê2,000 Bonus Caller Prize on 02/06/03! This is the 2nd attempt to reach YOU! Call 09066362220 ASAP! BOX97N7QP, 150ppm",en,uci_sms_spam_collection_v1,spam,FRAUD,,0deaa58880d9,假中奖通知，声称手机号码赢得2000镑奖金需尽快拨打电话领取，典型假中奖诈骗
uci_02065,Pass dis to all ur contacts n see wat u get! Red;i'm in luv wid u. Blue;u put a smile on my face. Purple;u r realy hot. Pink;u r so swt. Orange;i thnk i lyk u. Green;i realy wana go out wid u. Yelow;i wnt u bck. Black;i'm jealous of u. Brown;i miss you Nw plz giv me one color,en,uci_sms_spam_collection_v1,ham,NEEDS_REVIEW,,1332f6cffbd9,私人日常闲聊/个人对话，无商业或诈骗意图，无法归入四分类
uci_02066,Cos daddy arranging time c wat time fetch ¨¹ mah...,en,uci_sms_spam_collection_v1,ham,NEEDS_REVIEW,,e9de78cc049f,私人日常闲聊/个人对话，无商业或诈骗意图，无法归入四分类
uci_02067,Then. You are eldest know.,en,uci_sms_spam_collection_v1,ham,NEEDS_REVIEW,,0031919f1bcc,私人日常闲聊/个人对话，无商业或诈骗意图，无法归入四分类
uci_02068,Who's there say hi to our drugdealer,en,uci_sms_spam_collection_v1,ham,NEEDS_REVIEW,,9a2aa54828b2,私人日常闲聊/个人对话，无商业或诈骗意图，无法归入四分类
uci_02069,Its hard to believe things like this. All can say lie but think twice before saying anything to me.,en,uci_sms_spam_collection_v1,ham,NEEDS_REVIEW,,a564d7eecac4,私人日常闲聊/个人对话，无商业或诈骗意图，无法归入四分类
uci_02070,"Eerie Nokia tones 4u, rply TONE TITLE to 8007 eg TONE DRACULA to 8007 Titles: GHOST, ADDAMSFA, MUNSTERS, EXORCIST, TWILIGHT www.getzed.co.uk POBox36504W45WQ 150p",en,uci_sms_spam_collection_v1,spam,AD,,374ce13a1296,手机铃声下载促销，回复关键词获取特定铃声，正规娱乐内容推销
uci_02071,Sexy Singles are waiting for you! Text your AGE followed by your GENDER as wither M or F E.G.23F. For gay men text your AGE followed by a G. e.g.23G.,en,uci_sms_spam_collection_v1,spam,HARASS,,668644063d07,成人约会交友付费推广，要求发送年龄性别获取匹配，属成人内容骚扰广告
uci_02072,Good night my dear.. Sleepwell&amp;Take care,en,uci_sms_spam_collection_v1,ham,NEEDS_REVIEW,,ffe962232ffa,私人日常闲聊/个人对话，无商业或诈骗意图，无法归入四分类
uci_02073,That is wondarfull song,en,uci_sms_spam_collection_v1,ham,NEEDS_REVIEW,,c4b98b41612d,私人日常闲聊/个人对话，无商业或诈骗意图，无法归入四分类
uci_02074,"FreeMsg: Claim ur 250 SMS messages-Text OK to 84025 now!Use web2mobile 2 ur mates etc. Join Txt250.com for 1.50p/wk. T&C BOX139, LA32WU. 16 . Remove txtX or stop",en,uci_sms_spam_collection_v1,spam,AD,,9ea27d56aafe,免费短信额度促销，JOIN社区获取250条短信，正规通信服务广告
uci_02075,Yar lor actually we quite fast... Cos da ge slow wat... Haha...,en,uci_sms_spam_collection_v1,ham,NEEDS_REVIEW,,a6e11d8b8139,私人日常闲聊/个人对话，无商业或诈骗意图，无法归入四分类
uci_02076,Must come later.. I normally bathe him in da afternoon mah..,en,uci_sms_spam_collection_v1,ham,NEEDS_REVIEW,,92d1b562c13d,私人日常闲聊/个人对话，无商业或诈骗意图，无法归入四分类
uci_02077,"Trust me. Even if isn't there, its there.",en,uci_sms_spam_collection_v1,ham,NEEDS_REVIEW,,71d2d87e438b,私人日常闲聊/个人对话，无商业或诈骗意图，无法归入四分类
uci_02078,Hey hun-onbus goin 2 meet him. He wants 2go out 4a meal but I donyt feel like it cuz have 2 get last bus home!But hes sweet latelyxxx,en,uci_sms_spam_collection_v1,ham,NEEDS_REVIEW,,ae75e58416aa,私人日常闲聊/个人对话，无商业或诈骗意图，无法归入四分类
uci_02079,85233 FREE>Ringtone!Reply REAL,en,uci_sms_spam_collection_v1,spam,AD,,7bdd4ac039b6,免费彩铃促销，回复REAL获彩铃，正规娱乐内容推销
uci_02080,I can take you at like noon,en,uci_sms_spam_collection_v1,ham,NEEDS_REVIEW,,b87e51de0c4f,私人日常闲聊/个人对话，无商业或诈骗意图，无法归入四分类
uci_02081,Where is it. Is there any opening for mca.,en,uci_sms_spam_collection_v1,ham,NEEDS_REVIEW,,aec2ddb4a917,私人日常闲聊/个人对话，无商业或诈骗意图，无法归入四分类
uci_02082,I'm aight. Wat's happening on your side.,en,uci_sms_spam_collection_v1,ham,NEEDS_REVIEW,,e59097974da1,私人日常闲聊/个人对话，无商业或诈骗意图，无法归入四分类
uci_02083,I'm done oredi...,en,uci_sms_spam_collection_v1,ham,NEEDS_REVIEW,,20d028de8d58,私人日常闲聊/个人对话，无商业或诈骗意图，无法归入四分类
uci_02084,"you are sweet as well, princess. Please tell me your likes and dislikes in bed...",en,uci_sms_spam_collection_v1,ham,NEEDS_REVIEW,,c8c960db4631,私人日常闲聊/个人对话，无商业或诈骗意图，无法归入四分类
uci_02085,How are you. Wish you a great semester,en,uci_sms_spam_collection_v1,ham,NEEDS_REVIEW,,c187923a76f1,私人日常闲聊/个人对话，无商业或诈骗意图，无法归入四分类
uci_02086,Moji i love you more than words. Have a rich day,en,uci_sms_spam_collection_v1,ham,NEEDS_REVIEW,,7e5ff1d1b5e8,私人日常闲聊/个人对话，无商业或诈骗意图，无法归入四分类
uci_02087,Dude how do you like the buff wind.,en,uci_sms_spam_collection_v1,ham,NEEDS_REVIEW,,57cc1e72e5e7,私人日常闲聊/个人对话，无商业或诈骗意图，无法归入四分类
uci_02088,"""alright babe, justthought i?d sayhey! how u doin?nearly the endof me wk offdam nevamind!We will have 2Hook up sn if uwant m8? loveJen x.""",en,uci_sms_spam_collection_v1,ham,NEEDS_REVIEW,,af75c695cbaf,私人日常闲聊/个人对话，无商业或诈骗意图，无法归入四分类
uci_02089,Well done ENGLAND! Get the official poly ringtone or colour flag on yer mobile! text TONE or FLAG to 84199 NOW! Opt-out txt ENG STOP. Box39822 W111WX ¡ê1.50,en,uci_sms_spam_collection_v1,spam,AD,,ff240d392cdb,英格兰周边彩铃/国旗促销，text TONE/FLAG参与，正规商业营销
uci_02090,"No i'm not. I can't give you everything you want and need. You actually could do better for yourself on yor own--you've got more money than i do. I can't get work, i can't get a man, i can't pay the rent, i can't even fill my fucking gas tank. yes, i'm stressed and depressed. I didn't even call home for thanksgiving cuz i'll have to tell them i,m up to nothing.",en,uci_sms_spam_collection_v1,ham,NEEDS_REVIEW,,9381a9e8f059,私人日常闲聊/个人对话，无商业或诈骗意图，无法归入四分类
uci_02091,S:-)kallis wont play in first two odi:-),en,uci_sms_spam_collection_v1,ham,NEEDS_REVIEW,,1d484fe208b6,私人日常闲聊/个人对话，无商业或诈骗意图，无法归入四分类
uci_02092,Then get some cash together and I'll text jason,en,uci_sms_spam_collection_v1,ham,NEEDS_REVIEW,,8965e76ed5b0,私人日常闲聊/个人对话，无商业或诈骗意图，无法归入四分类
uci_02093,"Oh, my love, it's soooo good to hear from you. Omg I missed you so much today. I'm sorry your having problems with the provider but thank you for tming me",en,uci_sms_spam_collection_v1,ham,NEEDS_REVIEW,,b8ad1e05158c,私人日常闲聊/个人对话，无商业或诈骗意图，无法归入四分类
uci_02094,"Final Chance! Claim ur ¡ê150 worth of discount vouchers today! Text YES to 85023 now! SavaMob, member offers mobile! T Cs SavaMob POBOX84, M263UZ. ¡ê3.00 Subs 16",en,uci_sms_spam_collection_v1,spam,AD,,b251ab128a48,折扣券促销，发送YES获150镑折扣券，SavaMob会员优惠，正规商业营销广告
uci_02095,PRIVATE! Your 2004 Account Statement for 07742676969 shows 786 unredeemed Bonus Points. To claim call 08719180248 Identifier Code: 45239 Expires,en,uci_sms_spam_collection_v1,spam,FRAUD,,5b389fcf109d,假冒银行/运营商账户通知，声称有786个未领取积分需拨打客服热线，典型冒充机构诈骗
uci_02096,"Probably, want to pick up more?",en,uci_sms_spam_collection_v1,ham,NEEDS_REVIEW,,80b988ebc08a,私人日常闲聊/个人对话，无商业或诈骗意图，无法归入四分类
uci_02097,I'm done...,en,uci_sms_spam_collection_v1,ham,NEEDS_REVIEW,,cffff6bb35fe,私人日常闲聊/个人对话，无商业或诈骗意图，无法归入四分类
uci_02098,Are you the cutest girl in the world or what,en,uci_sms_spam_collection_v1,ham,NEEDS_REVIEW,,5c2a9c515441,私人日常闲聊/个人对话，无商业或诈骗意图，无法归入四分类
uci_02099,"No dice, art class 6 thru 9 :( thanks though. Any idea what time I should come tomorrow?",en,uci_sms_spam_collection_v1,ham,NEEDS_REVIEW,,86434fac6331,私人日常闲聊/个人对话，无商业或诈骗意图，无法归入四分类
